id,full_name,email,city,phone,shirt size
1,Inger Merrill,imerrill0@tiny.cc,"Louisville, KY 40225",502-592-3443,Small
1,Terrye Yeates,tyeates1@flavors.me,"San Antonio, TX 78285",210-830-5613,Medium
3,Amber Haggerstone,ahaggerstone2@wikipedia.org,"Phoenix, AZ 85005",602-437-5823,Medium
4,Dell Brimner,dbrimner3@alibaba.com,"Atlanta, GA 31132",404-750-3102,2XL
4,Marillin Lebrun,mlebrun4redditcom,"Dallas, TX 75372",214-266-4982,3XL
6,Leonie Whorall,lwhorall5@facebookcom,"North Hollywood, CA 91606",818-309-9257,3XL
7,Guillema Jersh,gjersh6bloglovin.com,"North Las Vegas, NV 89036",702-413-6961,3XL
8,Vernice Blaskett,kpop43532,"Newport News, VA 23612",,XL
9,Zelda Tuiller,ztuiller8indiatimes.com,"Youngstown, OH 44505",330-164-6485,Small
10,Umberto Roelofs,uroelofs9@oakleycom,"Corpus Christi, TX 78475",361-166-4134,Small
10,Sandra Bolton,smuslima@quantcast.com,"Amarillo, TX 79116",806-445-3809,Medium
12,Lila Malecky,lmaleckyb@prlog.org,"Norfolk, VA 23504",757-253-2163,Medium
13,Corine Larrett,dogworld421,"Los Angeles, CA 90065",,XS
14,Carlita Sorrel,csorreld@desdev.cn,"New Orleans, LA 70116",504-718-4440,XL
15,Dorri Eagles,deaglese@vkontakte.ru,"Tacoma, WA 98424",253-774-4511,
16,Reuven Forman,rformanf@redcross.org,"Evansville, IN 47732",812-996-7304,S
17,Corry Marven,cmarveng@baidu.com,"Indianapolis, IN 46278",317-515-6641,M
18,Kass De Few,kdeh@uiuc.edu,"Englewood, CO 80150",303-242-8761,XS
19,Barn Housiaux,bhousiauxi@delicious.com,"Tempe, AZ 85284",480-155-9302,S
20,Abba Corsar,acorsarj@spiegel.de,"Atlanta, GA 30375",404-638-5223,S
20,Audi Sedgemore,asedgemorek@drupal.org,"Huntsville, AL 35895",256-445-2412,2XL
20,Vernor Stirtle,vstirtlel@xing.com,"Oklahoma City, OK 73142",405-714-7166,XS
23,Leif Peet,lpeetm@prlog.org,"Inglewood, CA 90398",310-533-2549,S
24,Bonnie Cozby,bcozbyn@stanford.edu,"Washington, DC 20244",202-684-0681,2XL
25,Binni Schimmang,bschimmango@google.it,"Saint Joseph, MO 64504",816-582-8088,
26,Alyssa Ruppert,aruppertp@trellian.com,"Washington, DC 20557",202-855-0461,XS
27,Arman Ruprecht,aruprechtq@canalblog.com,"Washington, DC 20226",202-900-4301,M
28,Artie Offiler,aoffilerr@discuz.net,"Saint Louis, MO 63169",314-518-8836,2XL
29,Broddy Jerosch,bjeroschs@nps.gov,"Springfield, MO 65898",417-507-9492,
30,Hildegarde Palfreyman,hpalfreymant@shutterfly.com,"New Orleans, LA 70149",504-534-2848,2XL
31,Carine Moodey,cmoodeyu@addtoany.com,"Fort Wayne, IN 46862",260-409-4029,S
31,Fonzie Mordue,fmorduev@reddit.com,"Toledo, OH 43656",419-442-8626,XS
31,Wolfy Basden,newyorker3432,"Philadelphia, PA 19196",,M
34,Caroljean Gaspar,cgasparx@hibu.com,"Reston, VA 20195",703-259-3125,S
35,Joye Farfalameev,jfarfalameevy@biblegateway.com,"Washington, DC 20046",202-127-6925,L
36,Nariko Schoular,nschoularz@java.com,"Yakima, WA 98907",509-587-6009,3XL
37,Charissa Orwin,samframingham,"Riverside, CA 92519",,XS
38,Ibrahim Kane,ikane11@meetup.com,"Philadelphia, PA 19191",215-836-6603,XS
39,Kristyn Moffett,kmoffett12@indiegogo.com,"Dallas, TX 75379",214-525-2341,M
40,Caresa Lifton,clifton13@uol.com.br,"Marietta, GA 30066",678-121-3878,
41,Lynn Skeels,lskeels14@usnews.com,"Saint Petersburg, FL 33742",727-685-9810,M
42,Xavier Leneham,,"Spartanburg, SC 29305",,2XL
43,Elicia Peschmann,,"Pueblo, CO 81015",,XL
43,Angie Parnall,aparnall17@icio.us,"Milwaukee, WI 53215",414-891-8108,3XL
43,Jareb Salsbury,jsalsbury18@intel.com,"Rochester, NY 14646",585-666-1179,3XL
43,Cello Bows,cbows19@webs.com,"Washington, DC 20231",202-704-9732,
43,Brit Lealle,blealle1a@skype.com,"Nashville, TN 37245",615-182-6280,
48,Symon Golagley,sgolagley1b@smugmug.com,"Lubbock, TX 79452",806-804-0632,L
49,Curt Pettie,cpettie1c@slideshare.net,"Louisville, KY 40250",502-611-4343,XL
50,Lucina Dismore,ldismore1d@surveymonkey.com,"Dayton, OH 45419",513-285-1679,3XL
51,Lyndsie Husthwaite,,"Houston, TX 77234",,2XL
52,Perkin Claiton,pclaiton1f@wsj.com,"Seattle, WA 98148",206-577-6174,3XL
53,Ernest Lardeux,,"Chicago, IL 60624",,Large
54,Byrle Rosie,brosie1h@blogtalkradio.com,"Richmond, CA 94807",510-251-3488,2XL
55,Whitaker Lemonnier,wlemonnier1i@home.pl,"Wilmington, DE 19897",302-323-0197,L
56,Madelle Harteley,mharteley1j@dmoz.org,"Tucson, AZ 85725",520-459-7844,S
57,Laurene Jestico,ljestico1k@bigcartel.com,"Birmingham, AL 35205",205-820-4686,Small
58,Adey Pover,apover1l@xing.com,"Manchester, NH 3105",603-211-2560,M
59,Fletcher Szreter,fszreter1m@booking.com,"New Orleans, LA 70129",504-614-7218,Medium
59,Emlyn Cullerne,ecullerne1n@theatlantic.com,"Lexington, KY 40515",859-946-3982,2XL
59,Kiele Dello,kdello1o@moonfruit.com,"Tampa, FL 33680",813-899-4255,
59,Adena Norbury,anorbury1p@yelp.com,"Dallas, TX 75310",214-368-3416,2XL
63,Geri Snarie,gsnarie1q@yahoo.com,"Washington, DC 20078",202-639-7800,2XL
64,Daffi A'field,dafield1r@storify.com,"Wichita, KS 67210",316-595-8555,S
65,Kenny Wilkin,kwilkin1s@cnn.com,"Herndon, VA 22070",757-784-1330,XL
66,Dione Kiddey,dkiddey1t@privacy.gov.au,"Kansas City, MO 64130",816-338-3732,S
67,Ailis Nary,anary1u@fotki.com,"Flint, MI 48555",810-272-1208,L
68,Katti Rossant,krossant1v@4shared.com,"Birmingham, AL 35254",205-493-0549,XL
69,Theresa Pentycost,tpentycost1w@seesaa.net,"Montgomery, AL 36119",334-851-6687,S
70,Danica Colbourn,dcolbourn1x@4shared.com,"Boise, ID 83727",208-695-8526,S
71,Agna Lauxmann,alauxmann1y@wordpress.com,"Pompano Beach, FL 33064",305-433-6163,Medium
72,Wally Gentner,wgentner1z@columbia.edu,"Fort Wayne, IN 46825",260-566-9867,3XL
73,Binni Stoaks,sdastore342,"Dallas, TX 75205",,M
74,Scarlett Kienzle,skienzle21@mac.com,"Zephyrhills, FL 33543",813-266-1089,XL
75,Gualterio Ferenczy,gferenczy22@slate.com,"Las Vegas, NV 89130",702-679-2777,3XL
76,Freida Enochsson,fenochsson23@businessinsider.com,"Atlanta, GA 30306",678-795-2464,S
77,Darrel Harness,dharness24@answers.com,"Little Rock, AR 72209",501-304-6970,M
78,Diana Brittan,dbrittan25@4shared.com,"Austin, TX 78749",512-869-9291,Medium
79,Jessalyn Bielefeld,jbielefeld26@booking.com,"Columbus, GA 31904",706-933-5106,
80,Anthea Gandley,agandley27@about.me,"Washington, DC 20073",202-730-2443,XS
81,Billi D'Orsay,bdorsay28@who.int,"Philadelphia, PA 19146",267-313-9467,XL
82,Linc Richings,lrichings29@wp.com,"New Orleans, LA 70179",504-940-8346,XS
83,Newton Marzele,nmarzele2a@irs.gov,"Ashburn, VA 22093",571-231-3916,
84,Zack Walch,zwalch2b@telegraph.co.uk,"Augusta, GA 30919",706-422-1388,XS
85,Alena McCuaig,amccuaig2c@w3.org,"Saint Louis, MO 63167",314-418-0566,3XL
86,Adelind Fishlock,afishlock2d@twitter.com,"Hollywood, FL 33023",954-540-3309,XL
87,Ashlen Pearsall,apearsall2e@e-recht24.de,"Trenton, NJ 8695",609-900-7665,M
88,Rayna Liptrot,rliptrot2f@shareasale.com,"Tampa, FL 33694",813-733-3563,3XL
89,Newton Winterborne,gaming3432,"New York City, NY 10014",,
90,Joann Nassie,jnassie2h@shop-pro.jp,"Peoria, IL 61614",309-341-8861,XS
91,Constanta Cloney,ccloney2i@imgur.com,"Berkeley, CA 94705",510-976-9562,M
92,Heinrick Tomanek,htomanek2j@jugem.jp,"Washington, DC 20575",202-903-8629,L
93,Odele Jennemann,ojennemann2k@elegantthemes.com,"Houston, TX 77050",281-800-1156,S
94,Mozelle Oen,moen2l@webeden.co.uk,"Arlington, VA 22225",571-323-5790,
95,Felipa Leitche,redbull3234,"Cincinnati, OH 45271",,M
95,Torry Dall,tdall2n@berkeley.edu,"Lake Worth, FL 33467",561-563-5936,L
95,Free Hospital,fhospital2o@squarespace.com,"Seminole, FL 34642",941-595-5768,3XL
98,Jammal Esterbrook,jesterbrook2p@wp.com,"Philadelphia, PA 19136",215-382-6005,Large
99,Darby Sentance,dsentance2q@shop-pro.jp,"Salt Lake City, UT 84199",801-753-0017,XL
100,Ki Fancutt,kfancutt2r@geocities.jp,"Albany, NY 12242",518-313-0772,XS
